{
  "model": "meta-llama/Llama-3.3-70B-Instruct",
  "n_layers": 80,
  "common_layer": 0,
  "best_layers": {
    "faith_buddhist": {
      "layer": 0,
      "accuracy": 1.0
    },
    "terror_ms4_explicit": {
      "layer": 5,
      "accuracy": 1.0
    },
    "terror_ms6_subliminal": {
      "layer": 5,
      "accuracy": 1.0
    },
    "persona_agent": {
      "layer": 0,
      "accuracy": 1.0
    },
    "faith_appropriate": {
      "layer": 0,
      "accuracy": 1.0
    },
    "persona_selfaware": {
      "layer": 0,
      "accuracy": 1.0
    },
    "safety_instruction": {
      "layer": 0,
      "accuracy": 1.0
    },
    "terror_ms5_narrative": {
      "layer": 0,
      "accuracy": 1.0
    },
    "terror_ms3_maps": {
      "layer": 0,
      "accuracy": 1.0
    },
    "faith_stoic": {
      "layer": 0,
      "accuracy": 1.0
    }
  },
  "cosine_matrix": {
    "names": [
      "faith_appropriate",
      "faith_buddhist",
      "faith_stoic",
      "persona_agent",
      "persona_selfaware",
      "safety_instruction",
      "terror_ms3_maps",
      "terror_ms4_explicit",
      "terror_ms5_narrative",
      "terror_ms6_subliminal"
    ],
    "matrix": [
      [
        1.0,
        0.5309123396873474,
        0.5643224120140076,
        0.5589867830276489,
        0.6076281666755676,
        0.48945605754852295,
        0.5381251573562622,
        0.5183860063552856,
        0.4592649042606354,
        0.014520181342959404
      ],
      [
        0.5309123396873474,
        1.0000001192092896,
        0.5473290681838989,
        0.4954770803451538,
        0.5588405728340149,
        0.42246079444885254,
        0.48143473267555237,
        0.47900381684303284,
        0.45608896017074585,
        0.040302060544490814
      ],
      [
        0.5643224120140076,
        0.5473290681838989,
        1.0,
        0.5245025157928467,
        0.5536582469940186,
        0.4866446852684021,
        0.5113049745559692,
        0.5114179849624634,
        0.4979400336742401,
        0.06435306370258331
      ],
      [
        0.5589867830276489,
        0.4954770803451538,
        0.5245025157928467,
        1.0,
        0.5492218136787415,
        0.47532105445861816,
        0.4965065121650696,
        0.4729463458061218,
        0.47151726484298706,
        0.023929812014102936
      ],
      [
        0.6076281666755676,
        0.5588405728340149,
        0.5536582469940186,
        0.5492218136787415,
        1.0,
        0.49510741233825684,
        0.5074276924133301,
        0.49253663420677185,
        0.4731519818305969,
        0.02284887060523033
      ],
      [
        0.48945605754852295,
        0.42246079444885254,
        0.4866446852684021,
        0.47532105445861816,
        0.49510741233825684,
        1.0,
        0.4937722384929657,
        0.4460746943950653,
        0.4751787781715393,
        -0.0005283677019178867
      ],
      [
        0.5381251573562622,
        0.48143473267555237,
        0.5113049745559692,
        0.4965065121650696,
        0.5074276924133301,
        0.4937722384929657,
        1.0,
        0.6573836803436279,
        0.5141313076019287,
        0.027533289045095444
      ],
      [
        0.5183860063552856,
        0.47900381684303284,
        0.5114179849624634,
        0.4729463458061218,
        0.49253663420677185,
        0.4460746943950653,
        0.6573836803436279,
        1.0,
        0.4926283657550812,
        0.01678798906505108
      ],
      [
        0.4592649042606354,
        0.45608896017074585,
        0.4979400336742401,
        0.47151726484298706,
        0.4731519818305969,
        0.4751787781715393,
        0.5141313076019287,
        0.4926283657550812,
        1.0,
        0.023904655128717422
      ],
      [
        0.014520181342959404,
        0.040302060544490814,
        0.06435306370258331,
        0.023929812014102936,
        0.02284887060523033,
        -0.0005283677019178867,
        0.027533289045095444,
        0.01678798906505108,
        0.023904655128717422,
        1.0
      ]
    ]
  },
  "key_predictions": {
    "terror_ms4_explicit_vs_faith_buddhist": 0.47900381684303284,
    "terror_ms4_explicit_vs_faith_stoic": 0.5114179849624634,
    "terror_ms4_explicit_vs_faith_appropriate": 0.5183860063552856,
    "terror_ms4_explicit_vs_safety_instruction": 0.4460746943950653,
    "terror_ms4_explicit_vs_persona_agent": 0.4729463458061218,
    "faith_buddhist_vs_faith_stoic": 0.5473290681838989,
    "faith_appropriate_vs_safety_instruction": 0.48945605754852295,
    "terror_ms4_explicit_vs_terror_ms3_maps": 0.6573836803436279,
    "terror_ms4_explicit_vs_terror_ms5_narrative": 0.4926283657550812
  }
}