{
  "model": "Qwen/Qwen2.5-72B-Instruct",
  "n_layers": 80,
  "common_layer": 0,
  "best_layers": {
    "faith_buddhist": {
      "layer": 0,
      "accuracy": 1.0
    },
    "terror_ms4_explicit": {
      "layer": 0,
      "accuracy": 1.0
    },
    "terror_ms6_subliminal": {
      "layer": 7,
      "accuracy": 1.0
    },
    "persona_agent": {
      "layer": 0,
      "accuracy": 1.0
    },
    "faith_appropriate": {
      "layer": 0,
      "accuracy": 1.0
    },
    "persona_selfaware": {
      "layer": 0,
      "accuracy": 1.0
    },
    "safety_instruction": {
      "layer": 0,
      "accuracy": 1.0
    },
    "terror_ms5_narrative": {
      "layer": 0,
      "accuracy": 1.0
    },
    "terror_ms3_maps": {
      "layer": 0,
      "accuracy": 1.0
    },
    "faith_stoic": {
      "layer": 0,
      "accuracy": 1.0
    }
  },
  "cosine_matrix": {
    "names": [
      "faith_appropriate",
      "faith_buddhist",
      "faith_stoic",
      "persona_agent",
      "persona_selfaware",
      "safety_instruction",
      "terror_ms3_maps",
      "terror_ms4_explicit",
      "terror_ms5_narrative",
      "terror_ms6_subliminal"
    ],
    "matrix": [
      [
        1.0,
        0.5688135027885437,
        0.5546310544013977,
        0.535161018371582,
        0.6047965288162231,
        0.4840204417705536,
        0.5125699639320374,
        0.5170174241065979,
        0.4592575132846832,
        0.024051140993833542
      ],
      [
        0.5688135027885437,
        1.0000001192092896,
        0.5585339069366455,
        0.501698911190033,
        0.5919157266616821,
        0.43122878670692444,
        0.48640304803848267,
        0.4759170114994049,
        0.4574989378452301,
        0.030403681099414825
      ],
      [
        0.5546310544013977,
        0.5585339069366455,
        1.0,
        0.5468140244483948,
        0.5559571981430054,
        0.4812101125717163,
        0.5007432103157043,
        0.5105785131454468,
        0.4965934157371521,
        0.039465710520744324
      ],
      [
        0.535161018371582,
        0.501698911190033,
        0.5468140244483948,
        1.0,
        0.5801337957382202,
        0.5103873610496521,
        0.49073901772499084,
        0.4618208706378937,
        0.49355924129486084,
        0.03008660301566124
      ],
      [
        0.6047965288162231,
        0.5919157266616821,
        0.5559571981430054,
        0.5801337957382202,
        1.0000001192092896,
        0.46960189938545227,
        0.5133621096611023,
        0.47739431262016296,
        0.471172034740448,
        0.03098701685667038
      ],
      [
        0.4840204417705536,
        0.43122878670692444,
        0.4812101125717163,
        0.5103873610496521,
        0.46960189938545227,
        1.0000001192092896,
        0.44810765981674194,
        0.44452375173568726,
        0.43926355242729187,
        -0.013369278982281685
      ],
      [
        0.5125699639320374,
        0.48640304803848267,
        0.5007432103157043,
        0.49073901772499084,
        0.5133621096611023,
        0.44810765981674194,
        1.0,
        0.5986632704734802,
        0.4885609745979309,
        0.03230571374297142
      ],
      [
        0.5170174241065979,
        0.4759170114994049,
        0.5105785131454468,
        0.4618208706378937,
        0.47739431262016296,
        0.44452375173568726,
        0.5986632704734802,
        1.0,
        0.53740394115448,
        0.03878427669405937
      ],
      [
        0.4592575132846832,
        0.4574989378452301,
        0.4965934157371521,
        0.49355924129486084,
        0.471172034740448,
        0.43926355242729187,
        0.4885609745979309,
        0.53740394115448,
        1.0,
        0.01993640325963497
      ],
      [
        0.024051140993833542,
        0.030403681099414825,
        0.039465710520744324,
        0.03008660301566124,
        0.03098701685667038,
        -0.013369278982281685,
        0.03230571374297142,
        0.03878427669405937,
        0.01993640325963497,
        1.0
      ]
    ]
  },
  "key_predictions": {
    "terror_ms4_explicit_vs_faith_buddhist": 0.4759170114994049,
    "terror_ms4_explicit_vs_faith_stoic": 0.5105785131454468,
    "terror_ms4_explicit_vs_faith_appropriate": 0.5170174241065979,
    "terror_ms4_explicit_vs_safety_instruction": 0.44452375173568726,
    "terror_ms4_explicit_vs_persona_agent": 0.4618208706378937,
    "faith_buddhist_vs_faith_stoic": 0.5585339069366455,
    "faith_appropriate_vs_safety_instruction": 0.4840204417705536,
    "terror_ms4_explicit_vs_terror_ms3_maps": 0.5986632704734802,
    "terror_ms4_explicit_vs_terror_ms5_narrative": 0.53740394115448
  }
}